Chromosome	Position_begin	Position_end	Type	YHMaleHits	YHFemaleHits	MCHits
NC_036789.1	12403352	12403587	del	101	0	0
NC_036789.1	12407905	12408231	del	106	0	0
NC_036789.1	12442354	12444730	del	78	0	0
NC_036789.1	12442313	12445097	dup	74	0	0
NC_036789.1	12698087	12698202	del	107	0	0
NC_036789.1	12773892	12774480	dup	69	0	0
NC_036789.1	13025417	13026085	del	92	0	0
NC_036789.1	13412946	13413008	del	72	0	0
NC_036789.1	13434225	13434449	del	80	0	0
NC_036789.1	13567552	13568254	del	75	0	0
NC_036789.1	13605163	13605350	del	121	0	0
NC_036789.1	13996102	13996243	del	74	0	0
NC_036789.1	14387073	14387435	del	105	0	0
NC_036789.1	14547904	14548108	del	92	0	0
NC_036789.1	14880008	14880068	del	56	0	0
NC_036789.1	15012779	15012861	del	50	0	0
NC_036789.1	16003652	16004244	del	65	0	0
NC_036789.1	17609653	17609735	del	75	0	0
NC_036789.1	17622757	17622829	del	77	0	0
NC_036789.1	17849220	17849490	del	65	0	0
NC_036789.1	17870441	17870512	del	82	0	0
NC_036789.1	18491692	18491832	del	72	0	0
NC_036789.1	18492856	18495404	del	67	0	0
NC_036789.1	18573304	18573365	del	60	0	0
NC_036789.1	18622851	18623215	del	79	0	0
NC_036789.1	18754660	18754707	dup	62	0	0
NC_036789.1	18916468	18916701	del	102	0	0
NC_036789.1	18993022	18999250	del	85	0	0
NC_036789.1	19108652	19109356	del	106	0	0
NC_036789.1	19384117	19384516	del	94	0	0
NC_036789.1	20245500	20245633	del	95	0	0
NC_036789.1	20742185	20743692	del	104	0	0
NC_036789.1	20752568	20757732	dup	80	0	0
NC_036789.1	20752985	20756734	del	117	0	0
NC_036789.1	20756957	20757686	del	93	0	0
NC_036789.1	20793806	20794153	del	90	0	0
NC_036789.1	20895744	20895818	del	98	0	0
NC_036789.1	21082060	21082122	del	73	0	0
NC_036789.1	21091787	21091852	del	56	0	0
NC_036789.1	21130445	21130615	del	93	0	0
NC_036789.1	21206019	21206083	del	52	0	0
NC_036789.1	21210484	21210534	del	62	0	0
NC_036789.1	21353039	21353865	del	105	0	0
NC_036789.1	22346679	22346737	del	59	0	0
NC_036789.1	22352617	22354785	del	64	0	0
NC_036789.1	22446994	22447946	del	89	0	0
NC_036789.1	22728295	22728486	del	83	0	0
NC_036789.1	22836381	22836434	del	68	0	0
NC_036789.1	22949579	22950345	del	59	0	0
NC_036789.1	23053598	23053651	del	58	0	0
NC_036789.1	23106436	23107721	del	72	0	0
NC_036789.1	23177299	23177573	del	117	0	0
NC_036789.1	23227814	23227967	del	96	0	0
NC_036789.1	23353116	23353249	del	92	0	0
NC_036789.1	23365953	23366347	del	96	0	0
NC_036789.1	23415421	23415502	del	65	0	0
NC_036789.1	23588212	23588732	del	106	0	0
NC_036789.1	23618074	23618361	del	94	0	0
NC_036789.1	23799485	23799678	del	136	0	0
NC_036789.1	23845986	23846603	del	82	0	0
NC_036789.1	24016346	24016629	del	94	0	0
NC_036789.1	24354779	24355290	del	68	0	0
NC_036789.1	24421190	24421261	del	50	0	0
NC_036789.1	24518716	24519236	del	96	0	0
NC_036789.1	24870601	24872359	del	82	0	0
NC_036789.1	24986146	24986869	del	108	0	0
NC_036789.1	24997858	24998102	del	91	0	0
NC_036789.1	25034622	25035642	del	110	0	0
NC_036789.1	25115070	25115589	del	120	0	0
NC_036789.1	25314972	25315086	del	92	0	0
NC_036789.1	25467801	25467855	del	64	0	0
NC_036789.1	25843118	25843199	del	66	0	0
NC_036789.1	25848325	25848404	del	62	0	0
NC_036789.1	26289623	26289801	del	85	0	0
NC_036789.1	26441526	26441597	del	65	0	0
NC_036789.1	26727089	26727396	del	73	0	0
NC_036789.1	27118181	27118343	del	110	0	0
NC_036789.1	27129785	27129986	del	93	0	0
NC_036789.1	27290084	27290994	del	110	0	0
NC_036789.1	27309870	27310845	del	90	0	0
NC_036789.1	27364969	27365638	del	92	0	0
NC_036789.1	27383911	27384001	del	96	0	0
NC_036789.1	27547558	27547746	del	83	0	0
NC_036789.1	27651724	27651791	del	53	0	0
NC_036789.1	27677694	27683606	del	114	0	0
NC_036789.1	27701427	27701477	del	61	0	0
NC_036789.1	28461184	28461970	del	71	0	0
NC_036789.1	28512222	28512387	del	84	0	0
NC_036789.1	28565835	28566028	del	71	0	0
NC_036789.1	28857215	28857275	del	67	0	0
NC_036789.1	28869473	28869501	del	57	0	0
NC_036789.1	28925909	28925963	del	53	0	0
NC_036789.1	28994271	28994328	del	68	0	0
NC_036789.1	29114992	29115421	del	117	0	0
NC_036789.1	29461036	29461110	del	105	0	0
NC_036789.1	29470907	29471102	del	89	0	0
NC_036789.1	29482053	29482126	del	64	0	0
NC_036789.1	29544353	29544413	del	63	0	0
NC_036789.1	29553020	29553115	del	98	0	0
NC_036789.1	29587101	29587258	del	85	0	0
NC_036789.1	29623914	29623983	del	90	0	0
NC_036789.1	29711025	29711103	del	103	0	0
NC_036789.1	29727332	29727421	del	87	0	0
NC_036789.1	29731819	29734951	dup	98	0	0
NC_036789.1	29737666	29738010	del	74	0	0
NC_036789.1	29832543	29832624	del	97	0	0
NC_036789.1	29833742	29833823	del	85	0	0
