,Run,AvgSpotLen,Bases,BioProject,BioSample,Experiment,Instrument,Library Name,LibraryLayout,LibrarySelection,LibrarySource,Organism,Platform,SRA Study,ArrayExpress-SPECIES
0,ERR14733544,302,14999559028,PRJEB21343,SAMEA117805912,ERX14134969,HiSeq X Ten,DN495173W:A7,PAIRED,RANDOM,GENOMIC,Alticorpus peterdaviesi,ILLUMINA,ERP023585,Alticorpus peterdaviesi
1,ERR14733545,302,15624833116,PRJEB21343,SAMEA117805913,ERX14134970,HiSeq X Ten,DN495173W:B7,PAIRED,RANDOM,GENOMIC,Alticorpus peterdaviesi,ILLUMINA,ERP023585,Alticorpus peterdaviesi
2,ERR14733546,302,16560300766,PRJEB21343,SAMEA117805914,ERX14134971,HiSeq X Ten,DN495173W:C7,PAIRED,RANDOM,GENOMIC,Lethrinops atrilabris,ILLUMINA,ERP023585,Lethrinops atrilabris
3,ERR14733547,302,15754503158,PRJEB21343,SAMEA117805915,ERX14134972,HiSeq X Ten,DN495173W:D7,PAIRED,RANDOM,GENOMIC,Aulonocara sp. 'six bar Cape Maclear 2016',ILLUMINA,ERP023585,Aulonocara sp. 'six bar'
4,ERR14733548,302,17983322350,PRJEB21343,SAMEA117805916,ERX14134973,HiSeq X Ten,DN495173W:E7,PAIRED,RANDOM,GENOMIC,Aulonocara sp. 'yellow',ILLUMINA,ERP023585,Aulonocara sp. 'yellow'
5,ERR14733549,302,17131792882,PRJEB21343,SAMEA117805917,ERX14134974,HiSeq X Ten,DN495173W:F7,PAIRED,RANDOM,GENOMIC,Aulonocara sp. 'yellow',ILLUMINA,ERP023585,Aulonocara sp. 'yellow'
6,ERR14733551,302,15748497888,PRJEB21343,SAMEA117805919,ERX14134976,HiSeq X Ten,DN495173W:H7,PAIRED,RANDOM,GENOMIC,Otopharynx panniculus,ILLUMINA,ERP023585,Otopharynx panniculus
7,ERR14733562,302,15811732158,PRJEB21343,SAMEA117805979,ERX14134987,HiSeq X Ten,DN495179F:C9,PAIRED,RANDOM,GENOMIC,Lethrinops cf. albus 'deep-water',ILLUMINA,ERP023585,Lethrinops cf. albus 'deep-water'
8,ERR14733563,302,17753770640,PRJEB21343,SAMEA117805981,ERX14134988,HiSeq X Ten,DN495179F:D9,PAIRED,RANDOM,GENOMIC,Lethrinops gossei,ILLUMINA,ERP023585,Lethrinops gossei
9,ERR14733564,302,16503933976,PRJEB21343,SAMEA117805982,ERX14134989,HiSeq X Ten,DN495179F:E9,PAIRED,RANDOM,GENOMIC,Lethrinops gossei,ILLUMINA,ERP023585,Lethrinops gossei
10,ERR14733565,302,17541577890,PRJEB21343,SAMEA117805985,ERX14134990,HiSeq X Ten,DN495179F:F9,PAIRED,RANDOM,GENOMIC,Lethrinops gossei,ILLUMINA,ERP023585,Lethrinops gossei
11,ERR14733566,302,19657590418,PRJEB21343,SAMEA117805998,ERX14134991,HiSeq X Ten,DN495179F:G9,PAIRED,RANDOM,GENOMIC,Aulonocara sp. 'deep',ILLUMINA,ERP023585,Aulonocara sp. 'deep'
12,ERR14733745,302,17158600214,PRJEB21343,SAMEA117806005,ERX14135170,HiSeq X Ten,DN495172V:A8,PAIRED,RANDOM,GENOMIC,Aulonocara sp. 'deep',ILLUMINA,ERP023585,Aulonocara sp. 'deep'
13,ERR14733746,302,15470567590,PRJEB21343,SAMEA117806006,ERX14135171,HiSeq X Ten,DN495172V:B8,PAIRED,RANDOM,GENOMIC,Aulonocara sp. 'minutus',ILLUMINA,ERP023585,Aulonocara sp. 'minutus'
14,ERR14733747,302,15953338750,PRJEB21343,SAMEA117806007,ERX14135172,HiSeq X Ten,DN495172V:C8,PAIRED,RANDOM,GENOMIC,Aulonocara sp. 'minutus',ILLUMINA,ERP023585,Aulonocara sp. 'minutus'
15,ERR14733748,302,16635754862,PRJEB21343,SAMEA117806008,ERX14135173,HiSeq X Ten,DN495172V:D8,PAIRED,RANDOM,GENOMIC,Aulonocara sp. 'minutus',ILLUMINA,ERP023585,Aulonocara sp. 'minutus'
16,ERR14733749,302,16579121406,PRJEB21343,SAMEA117806009,ERX14135174,HiSeq X Ten,DN495172V:E8,PAIRED,RANDOM,GENOMIC,Aulonocara sp. 'minutus',ILLUMINA,ERP023585,Aulonocara sp. 'minutus'
17,ERR14733750,302,19107092134,PRJEB21343,SAMEA117806010,ERX14135175,HiSeq X Ten,DN495172V:F8,PAIRED,RANDOM,GENOMIC,Aulonocara sp. 'minutus',ILLUMINA,ERP023585,Aulonocara sp. 'minutus'
18,ERR14733751,302,16993569596,PRJEB21343,SAMEA117806011,ERX14135176,HiSeq X Ten,DN495172V:G8,PAIRED,RANDOM,GENOMIC,Aulonocara sp. 'minutus',ILLUMINA,ERP023585,Aulonocara sp. 'minutus'
19,ERR14733752,302,14524298608,PRJEB21343,SAMEA117806012,ERX14135177,HiSeq X Ten,DN495172V:H8,PAIRED,RANDOM,GENOMIC,Aulonocara sp. 'minutus',ILLUMINA,ERP023585,Aulonocara sp. 'minutus'
20,ERR14733753,302,15954810698,PRJEB21343,SAMEA117805904,ERX14135178,HiSeq X Ten,DN495173W:A6,PAIRED,RANDOM,GENOMIC,Alticorpus peterdaviesi,ILLUMINA,ERP023585,Alticorpus peterdaviesi
21,ERR14733754,302,15329055222,PRJEB21343,SAMEA117805905,ERX14135179,HiSeq X Ten,DN495173W:B6,PAIRED,RANDOM,GENOMIC,Alticorpus peterdaviesi,ILLUMINA,ERP023585,Alticorpus peterdaviesi
22,ERR14733755,302,16081464666,PRJEB21343,SAMEA117805906,ERX14135180,HiSeq X Ten,DN495173W:C6,PAIRED,RANDOM,GENOMIC,Alticorpus geoffreyi,ILLUMINA,ERP023585,Alticorpus geoffreyi
23,ERR14733756,302,17043461808,PRJEB21343,SAMEA117805907,ERX14135181,HiSeq X Ten,DN495173W:D6,PAIRED,RANDOM,GENOMIC,Alticorpus geoffreyi,ILLUMINA,ERP023585,Alticorpus geoffreyi
24,ERR14733757,302,17365748658,PRJEB21343,SAMEA117805908,ERX14135182,HiSeq X Ten,DN495173W:E6,PAIRED,RANDOM,GENOMIC,Alticorpus geoffreyi,ILLUMINA,ERP023585,Alticorpus geoffreyi
25,ERR14733758,302,17768312846,PRJEB21343,SAMEA117805909,ERX14135183,HiSeq X Ten,DN495173W:F6,PAIRED,RANDOM,GENOMIC,Alticorpus peterdaviesi,ILLUMINA,ERP023585,Alticorpus peterdaviesi
26,ERR14733759,302,17501152170,PRJEB21343,SAMEA117805910,ERX14135184,HiSeq X Ten,DN495173W:G6,PAIRED,RANDOM,GENOMIC,Alticorpus peterdaviesi,ILLUMINA,ERP023585,Alticorpus peterdaviesi
27,ERR14733760,302,16505520382,PRJEB21343,SAMEA117805911,ERX14135185,HiSeq X Ten,DN495173W:H6,PAIRED,RANDOM,GENOMIC,Alticorpus geoffreyi,ILLUMINA,ERP023585,Alticorpus geoffreyi
28,ERR14733761,302,17273045530,PRJEB21343,SAMEA117805920,ERX14135186,HiSeq X Ten,DN495173W:A8,PAIRED,RANDOM,GENOMIC,Aulonocara sp. 'malembo orange 2016',ILLUMINA,ERP023585,Aulonocara sp. 'malembo orange 2016'
29,ERR14733762,302,16051295168,PRJEB21343,SAMEA117805921,ERX14135187,HiSeq X Ten,DN495173W:B8,PAIRED,RANDOM,GENOMIC,Aulonocara sp. 'malembo orange 2016',ILLUMINA,ERP023585,Aulonocara sp. 'malembo orange 2016'
30,ERR14733763,302,16438516850,PRJEB21343,SAMEA117805922,ERX14135188,HiSeq X Ten,DN495173W:C8,PAIRED,RANDOM,GENOMIC,Aulonocara sp. 'malembo orange 2016',ILLUMINA,ERP023585,Aulonocara sp. 'malembo orange 2016'
31,ERR14733764,302,16347122590,PRJEB21343,SAMEA117805923,ERX14135189,HiSeq X Ten,DN495173W:D8,PAIRED,RANDOM,GENOMIC,Otopharynx panniculus,ILLUMINA,ERP023585,Otopharynx panniculus
32,ERR14733765,302,16863011976,PRJEB21343,SAMEA117805924,ERX14135190,HiSeq X Ten,DN495173W:E8,PAIRED,RANDOM,GENOMIC,Placidochromis obscurus,ILLUMINA,ERP023585,Placidochromis obscurus
33,ERR14733766,302,17284885138,PRJEB21343,SAMEA117805925,ERX14135191,HiSeq X Ten,DN495173W:F8,PAIRED,RANDOM,GENOMIC,Aulonocara sp. 'malembo orange 2016',ILLUMINA,ERP023585,Aulonocara sp. 'malembo orange 2016'
34,ERR14733767,302,16850737488,PRJEB21343,SAMEA117805926,ERX14135192,HiSeq X Ten,DN495173W:G8,PAIRED,RANDOM,GENOMIC,Aulonocara sp. 'malembo orange 2016',ILLUMINA,ERP023585,Aulonocara sp. 'malembo orange 2016'
35,ERR14733768,302,15185171550,PRJEB21343,SAMEA117805927,ERX14135193,HiSeq X Ten,DN495173W:H8,PAIRED,RANDOM,GENOMIC,Aulonocara sp. 'malembo orange 2016',ILLUMINA,ERP023585,Aulonocara sp. 'malembo orange 2016'
36,ERR14733785,302,20992461826,PRJEB21343,SAMEA117806073,ERX14135210,HiSeq X Ten,DN495179F:B3,PAIRED,RANDOM,GENOMIC,Placidochromis platyrhynchos,ILLUMINA,ERP023585,Placidochromis platyrhynchos
37,ERR14733786,302,13676852784,PRJEB21343,SAMEA117806074,ERX14135211,HiSeq X Ten,DN495179F:C3,PAIRED,RANDOM,GENOMIC,Placidochromis cf. nkhotakotae,ILLUMINA,ERP023585,Placidochromis cf. nkhotakotae
38,ERR14733814,302,17311170010,PRJEB21343,SAMEA117805972,ERX14135239,HiSeq X Ten,DN495172V:G4,PAIRED,RANDOM,GENOMIC,Alticorpus mentale,ILLUMINA,ERP023585,Alticorpus mentale
39,ERR14733816,302,13671364840,PRJEB21343,SAMEA117805988,ERX14135241,HiSeq X Ten,DN495172V:A6,PAIRED,RANDOM,GENOMIC,Placidochromis trewavasae,ILLUMINA,ERP023585,Placidochromis trewavasae
40,ERR14733818,302,16274660408,PRJEB21343,SAMEA117805990,ERX14135243,HiSeq X Ten,DN495172V:C6,PAIRED,RANDOM,GENOMIC,Aulonocara sp. 'copper',ILLUMINA,ERP023585,Aulonocara sp. 'copper'
41,ERR14733819,302,16792851638,PRJEB21343,SAMEA117805991,ERX14135244,HiSeq X Ten,DN495172V:D6,PAIRED,RANDOM,GENOMIC,Alticorpus peterdaviesi,ILLUMINA,ERP023585,Alticorpus peterdaviesi
42,ERR14733821,302,17372294206,PRJEB21343,SAMEA117805993,ERX14135246,HiSeq X Ten,DN495172V:F6,PAIRED,RANDOM,GENOMIC,Alticorpus peterdaviesi,ILLUMINA,ERP023585,Alticorpus peterdaviesi
43,ERR14733825,302,18546696404,PRJEB21343,SAMEA117805997,ERX14135250,HiSeq X Ten,DN495172V:B7,PAIRED,RANDOM,GENOMIC,Aulonocara sp. 'minutus',ILLUMINA,ERP023585,Aulonocara sp. 'minutus'
44,ERR14733826,302,16709466720,PRJEB21343,SAMEA117805999,ERX14135251,HiSeq X Ten,DN495172V:C7,PAIRED,RANDOM,GENOMIC,Placidochromis boops,ILLUMINA,ERP023585,Placidochromis boops
45,ERR14733827,302,17093865910,PRJEB21343,SAMEA117806000,ERX14135252,HiSeq X Ten,DN495172V:D7,PAIRED,RANDOM,GENOMIC,Aulonocara sp. 'copper',ILLUMINA,ERP023585,Aulonocara sp. 'copper'
46,ERR14733829,302,15515109570,PRJEB21343,SAMEA117806002,ERX14135254,HiSeq X Ten,DN495172V:F7,PAIRED,RANDOM,GENOMIC,Aulonocara sp. 'copper',ILLUMINA,ERP023585,Aulonocara sp. 'copper'
47,ERR14733830,302,18430927422,PRJEB21343,SAMEA117806003,ERX14135255,HiSeq X Ten,DN495172V:G7,PAIRED,RANDOM,GENOMIC,Placidochromis hennydaviesae,ILLUMINA,ERP023585,Placidochromis hennydaviesae
48,ERR14733833,302,16331506170,PRJEB21343,SAMEA117806133,ERX14135258,HiSeq X Ten,DN495180V:C3,PAIRED,RANDOM,GENOMIC,Aulonocara stuartgranti,ILLUMINA,ERP023585,Aulonocara stuartgranti
49,ERR14733846,302,17813428022,PRJEB21343,SAMEA117805718,ERX14135271,HiSeq X Ten,DN495167B:B8,PAIRED,RANDOM,GENOMIC,Aulonocara sp. 'blue orange chilumba 2016',ILLUMINA,ERP023585,Aulonocara sp. 'blue orange chilumba 2016'
50,ERR14733847,302,16217594186,PRJEB21343,SAMEA117805719,ERX14135272,HiSeq X Ten,DN495167B:C8,PAIRED,RANDOM,GENOMIC,Aulonocara sp. 'blue orange chilumba 2016',ILLUMINA,ERP023585,Aulonocara sp. 'blue orange chilumba 2016'
51,ERR14733848,302,16646518444,PRJEB21343,SAMEA117805720,ERX14135273,HiSeq X Ten,DN495167B:D8,PAIRED,RANDOM,GENOMIC,Aulonocara sp. 'blue orange chilumba 2016',ILLUMINA,ERP023585,Aulonocara sp. 'blue orange chilumba 2016'
52,ERR14733849,302,17187535438,PRJEB21343,SAMEA117805721,ERX14135274,HiSeq X Ten,DN495167B:E8,PAIRED,RANDOM,GENOMIC,Aulonocara sp. 'blue orange chilumba 2016',ILLUMINA,ERP023585,Aulonocara sp. 'blue orange chilumba 2016'
53,ERR14733850,302,17876173354,PRJEB21343,SAMEA117805722,ERX14135275,HiSeq X Ten,DN495167B:F8,PAIRED,RANDOM,GENOMIC,Aulonocara ethelwynnae,ILLUMINA,ERP023585,Aulonocara ethelwynnae
54,ERR14733851,302,18688322324,PRJEB21343,SAMEA117805723,ERX14135276,HiSeq X Ten,DN495167B:G8,PAIRED,RANDOM,GENOMIC,Aulonocara ethelwynnae,ILLUMINA,ERP023585,Aulonocara ethelwynnae
55,ERR14733874,302,17668235180,PRJEB21343,SAMEA117805759,ERX14135299,HiSeq X Ten,DN495167B:F12,PAIRED,RANDOM,GENOMIC,Aulonocara sp. 'blue orange chilumba 2016',ILLUMINA,ERP023585,Aulonocara sp. 'blue orange chilumba 2016'
56,ERR14733875,302,18008651996,PRJEB21343,SAMEA117805760,ERX14135300,HiSeq X Ten,DN495167B:G12,PAIRED,RANDOM,GENOMIC,Aulonocara sp. 'blue orange chilumba 2016',ILLUMINA,ERP023585,Aulonocara sp. 'blue orange chilumba 2016'
57,ERR14733876,302,17882550084,PRJEB21343,SAMEA117805761,ERX14135301,HiSeq X Ten,DN495167B:H12,PAIRED,RANDOM,GENOMIC,Aulonocara sp. 'blue orange chilumba 2016',ILLUMINA,ERP023585,Aulonocara sp. 'blue orange chilumba 2016'
58,ERR14733877,302,18515682514,PRJEB21343,SAMEA117805763,ERX14135302,HiSeq X Ten,DN495170T:A1,PAIRED,RANDOM,GENOMIC,Aulonocara sp. 'blue orange chilumba 2016',ILLUMINA,ERP023585,Aulonocara sp. 'blue orange chilumba 2016'
59,ERR14733909,302,13062056284,PRJEB21343,SAMEA117805811,ERX14135334,HiSeq X Ten,DN495170T:B6,PAIRED,RANDOM,GENOMIC,Aulonocara saulosi,ILLUMINA,ERP023585,Aulonocara saulosi
60,ERR14733919,302,15686956630,PRJEB21343,SAMEA117805823,ERX14135344,HiSeq X Ten,DN495170T:D7,PAIRED,RANDOM,GENOMIC,Aulonocara saulosi,ILLUMINA,ERP023585,Aulonocara saulosi
61,ERR14733948,302,14594766684,PRJEB21343,SAMEA117805551,ERX14135373,HiSeq X Ten,DN495171U:A1,PAIRED,RANDOM,GENOMIC,Placidochromis acutirostris,ILLUMINA,ERP023585,Placidochromis acutirostris
62,ERR14733949,302,14486647362,PRJEB21343,SAMEA117805552,ERX14135374,HiSeq X Ten,DN495171U:B1,PAIRED,RANDOM,GENOMIC,Placidochromis acutirostris,ILLUMINA,ERP023585,Placidochromis acutirostris
63,ERR14733950,302,15527498214,PRJEB21343,SAMEA117805553,ERX14135375,HiSeq X Ten,DN495171U:C1,PAIRED,RANDOM,GENOMIC,Placidochromis acutirostris,ILLUMINA,ERP023585,Placidochromis acutirostris
64,ERR14734005,302,14926918666,PRJEB21343,SAMEA117805758,ERX14135430,HiSeq X Ten,DN495171U:C9,PAIRED,RANDOM,GENOMIC,Aulonocara sp. 'blue orange chilumba 2016',ILLUMINA,ERP023585,Aulonocara sp. 'blue orange chilumba 2016'
65,ERR14734006,302,16361455812,PRJEB21343,SAMEA117805762,ERX14135431,HiSeq X Ten,DN495171U:D9,PAIRED,RANDOM,GENOMIC,Aulonocara sp. 'blue orange chilumba 2016',ILLUMINA,ERP023585,Aulonocara sp. 'blue orange chilumba 2016'
66,ERR14734024,302,17567153364,PRJEB21343,SAMEA117805945,ERX14135449,HiSeq X Ten,DN495172V:G1,PAIRED,RANDOM,GENOMIC,Aulonocara saulosi,ILLUMINA,ERP023585,Aulonocara saulosi
67,ERR14734025,302,14731646372,PRJEB21343,SAMEA117805946,ERX14135450,HiSeq X Ten,DN495172V:H1,PAIRED,RANDOM,GENOMIC,Aulonocara saulosi,ILLUMINA,ERP023585,Aulonocara saulosi
68,ERR14734026,302,12447045968,PRJEB21343,SAMEA117805947,ERX14135451,HiSeq X Ten,DN495172V:A2,PAIRED,RANDOM,GENOMIC,Aulonocara saulosi,ILLUMINA,ERP023585,Aulonocara saulosi
69,ERR14734044,302,15272651890,PRJEB21343,SAMEA117805980,ERX14135469,HiSeq X Ten,DN495172V:D5,PAIRED,RANDOM,GENOMIC,Lethrinops cf. albus 'deep-water',ILLUMINA,ERP023585,Lethrinops cf. albus 'deep-water'
70,ERR14734045,302,14792918246,PRJEB21343,SAMEA117805983,ERX14135470,HiSeq X Ten,DN495172V:E5,PAIRED,RANDOM,GENOMIC,Lethrinops gossei,ILLUMINA,ERP023585,Lethrinops gossei
71,ERR14734046,302,14820500812,PRJEB21343,SAMEA117805984,ERX14135471,HiSeq X Ten,DN495172V:F5,PAIRED,RANDOM,GENOMIC,Lethrinops gossei,ILLUMINA,ERP023585,Lethrinops gossei
72,ERR14734047,302,16416903314,PRJEB21343,SAMEA117805986,ERX14135472,HiSeq X Ten,DN495172V:G5,PAIRED,RANDOM,GENOMIC,Alticorpus peterdaviesi,ILLUMINA,ERP023585,Alticorpus peterdaviesi
73,ERR14734048,302,16428447566,PRJEB21343,SAMEA117805987,ERX14135473,HiSeq X Ten,DN495172V:H5,PAIRED,RANDOM,GENOMIC,Placidochromis trewavasae,ILLUMINA,ERP023585,Placidochromis trewavasae
74,ERR14734049,302,14177011896,PRJEB21343,SAMEA117806013,ERX14135474,HiSeq X Ten,DN495172V:A9,PAIRED,RANDOM,GENOMIC,Aulonocara sp. 'minutus',ILLUMINA,ERP023585,Aulonocara sp. 'minutus'
75,ERR14734050,302,15541784928,PRJEB21343,SAMEA117806014,ERX14135475,HiSeq X Ten,DN495172V:B9,PAIRED,RANDOM,GENOMIC,Aulonocara sp. 'minutus',ILLUMINA,ERP023585,Aulonocara sp. 'minutus'
76,ERR14734051,302,14095933654,PRJEB21343,SAMEA117806015,ERX14135476,HiSeq X Ten,DN495172V:C9,PAIRED,RANDOM,GENOMIC,Aulonocara sp. 'copper',ILLUMINA,ERP023585,Aulonocara sp. 'copper'
77,ERR14734052,302,14415887554,PRJEB21343,SAMEA117806016,ERX14135477,HiSeq X Ten,DN495172V:D9,PAIRED,RANDOM,GENOMIC,Aulonocara sp. 'minutus',ILLUMINA,ERP023585,Aulonocara sp. 'minutus'
78,ERR14734053,302,15780916682,PRJEB21343,SAMEA117806017,ERX14135478,HiSeq X Ten,DN495172V:E9,PAIRED,RANDOM,GENOMIC,Aulonocara sp. 'minutus',ILLUMINA,ERP023585,Aulonocara sp. 'minutus'
79,ERR14734054,302,15528004668,PRJEB21343,SAMEA117806018,ERX14135479,HiSeq X Ten,DN495172V:F9,PAIRED,RANDOM,GENOMIC,Placidochromis mbunoides,ILLUMINA,ERP023585,Placidochromis mbunoides
80,ERR14734055,302,18520907114,PRJEB21343,SAMEA117806019,ERX14135480,HiSeq X Ten,DN495172V:G9,PAIRED,RANDOM,GENOMIC,Placidochromis trewavasae,ILLUMINA,ERP023585,Placidochromis trewavasae
81,ERR14734057,302,15579236552,PRJEB21343,SAMEA117806021,ERX14135482,HiSeq X Ten,DN495172V:A10,PAIRED,RANDOM,GENOMIC,Aulonocara stonemani,ILLUMINA,ERP023585,Aulonocara stonemani
82,ERR14734063,302,18658283290,PRJEB21343,SAMEA117806031,ERX14135488,HiSeq X Ten,DN495172V:G10,PAIRED,RANDOM,GENOMIC,Aulonocara nyassae,ILLUMINA,ERP023585,Aulonocara nyassae
83,ERR14734065,302,13920466520,PRJEB21343,SAMEA117805845,ERX14135490,HiSeq X Ten,DN495172V:A11,PAIRED,RANDOM,GENOMIC,Placidochromis trewavasae,ILLUMINA,ERP023585,Placidochromis trewavasae
84,ERR14734066,302,17461178846,PRJEB21343,SAMEA117805846,ERX14135491,HiSeq X Ten,DN495172V:B11,PAIRED,RANDOM,GENOMIC,Placidochromis trewavasae,ILLUMINA,ERP023585,Placidochromis trewavasae
85,ERR14734067,302,15298250014,PRJEB21343,SAMEA117805847,ERX14135492,HiSeq X Ten,DN495172V:C11,PAIRED,RANDOM,GENOMIC,Placidochromis trewavasae,ILLUMINA,ERP023585,Placidochromis trewavasae
86,ERR14734070,302,15762150704,PRJEB21343,SAMEA117805850,ERX14135495,HiSeq X Ten,DN495172V:F11,PAIRED,RANDOM,GENOMIC,Aulonocara rostratum,ILLUMINA,ERP023585,Aulonocara rostratum
87,ERR14734072,302,17246084782,PRJEB21343,SAMEA117805852,ERX14135497,HiSeq X Ten,DN495172V:H11,PAIRED,RANDOM,GENOMIC,Placidochromis elongatus,ILLUMINA,ERP023585,Placidochromis elongatus
88,ERR14734073,302,13221732442,PRJEB21343,SAMEA117805853,ERX14135498,HiSeq X Ten,DN495172V:A12,PAIRED,RANDOM,GENOMIC,Lethrinops sp. 'blue nose 2016',ILLUMINA,ERP023585,Lethrinops sp. 'blue nose 2016'
89,ERR14734074,302,14294677136,PRJEB21343,SAMEA117805854,ERX14135499,HiSeq X Ten,DN495172V:B12,PAIRED,RANDOM,GENOMIC,Placidochromis elongatus,ILLUMINA,ERP023585,Placidochromis elongatus
90,ERR14734076,302,16759801966,PRJEB21343,SAMEA117805856,ERX14135501,HiSeq X Ten,DN495172V:E12,PAIRED,RANDOM,GENOMIC,Placidochromis elongatus,ILLUMINA,ERP023585,Placidochromis elongatus
91,ERR14734087,302,16223094512,PRJEB21343,SAMEA117805871,ERX14135512,HiSeq X Ten,DN495173W:H1,PAIRED,RANDOM,GENOMIC,Lethrinops sp. 'blue nose 2016',ILLUMINA,ERP023585,Lethrinops sp. 'blue nose 2016'
92,ERR14734088,302,12882267530,PRJEB21343,SAMEA117805872,ERX14135513,HiSeq X Ten,DN495173W:A2,PAIRED,RANDOM,GENOMIC,Lethrinops sp. 'blue nose 2016',ILLUMINA,ERP023585,Lethrinops sp. 'blue nose 2016'
93,ERR14734089,302,15620109232,PRJEB21343,SAMEA117805873,ERX14135514,HiSeq X Ten,DN495173W:B2,PAIRED,RANDOM,GENOMIC,Placidochromis elongatus,ILLUMINA,ERP023585,Placidochromis elongatus
94,ERR14734090,302,14561012446,PRJEB21343,SAMEA117805874,ERX14135515,HiSeq X Ten,DN495173W:C2,PAIRED,RANDOM,GENOMIC,Placidochromis elongatus,ILLUMINA,ERP023585,Placidochromis elongatus
95,ERR14734095,302,17131951130,PRJEB21343,SAMEA117805879,ERX14135520,HiSeq X Ten,DN495173W:H2,PAIRED,RANDOM,GENOMIC,Lethrinops gossei,ILLUMINA,ERP023585,Lethrinops gossei
96,ERR14734096,302,16036452170,PRJEB21343,SAMEA117805880,ERX14135521,HiSeq X Ten,DN495173W:A3,PAIRED,RANDOM,GENOMIC,Lethrinops gossei,ILLUMINA,ERP023585,Lethrinops gossei
97,ERR14734097,302,16145853482,PRJEB21343,SAMEA117805881,ERX14135522,HiSeq X Ten,DN495173W:B3,PAIRED,RANDOM,GENOMIC,Lethrinops gossei,ILLUMINA,ERP023585,Lethrinops gossei
98,ERR14734098,302,16474229860,PRJEB21343,SAMEA117805882,ERX14135523,HiSeq X Ten,DN495173W:C3,PAIRED,RANDOM,GENOMIC,Lethrinops gossei,ILLUMINA,ERP023585,Lethrinops gossei
99,ERR14734099,302,15858424378,PRJEB21343,SAMEA117805883,ERX14135524,HiSeq X Ten,DN495173W:D3,PAIRED,RANDOM,GENOMIC,Lethrinops gossei,ILLUMINA,ERP023585,Lethrinops gossei
100,ERR14734100,302,16643099502,PRJEB21343,SAMEA117805884,ERX14135525,HiSeq X Ten,DN495173W:E3,PAIRED,RANDOM,GENOMIC,Lethrinops gossei,ILLUMINA,ERP023585,Lethrinops gossei
101,ERR14734101,302,16623920388,PRJEB21343,SAMEA117805885,ERX14135526,HiSeq X Ten,DN495173W:F3,PAIRED,RANDOM,GENOMIC,Lethrinops gossei,ILLUMINA,ERP023585,Lethrinops gossei
102,ERR14734102,302,16714829636,PRJEB21343,SAMEA117805886,ERX14135527,HiSeq X Ten,DN495173W:G3,PAIRED,RANDOM,GENOMIC,Lethrinops gossei,ILLUMINA,ERP023585,Lethrinops gossei
103,ERR14734103,302,16687630006,PRJEB21343,SAMEA117805887,ERX14135528,HiSeq X Ten,DN495173W:H3,PAIRED,RANDOM,GENOMIC,Lethrinops gossei,ILLUMINA,ERP023585,Lethrinops gossei
104,ERR14734104,302,15409512854,PRJEB21343,SAMEA117805888,ERX14135529,HiSeq X Ten,DN495173W:A4,PAIRED,RANDOM,GENOMIC,Lethrinops gossei,ILLUMINA,ERP023585,Lethrinops gossei
105,ERR14734106,302,16120959018,PRJEB21343,SAMEA117805890,ERX14135531,HiSeq X Ten,DN495173W:C4,PAIRED,RANDOM,GENOMIC,Lethrinops longipinnis,ILLUMINA,ERP023585,Lethrinops longipinnis
106,ERR14734107,302,17401622030,PRJEB21343,SAMEA117805891,ERX14135532,HiSeq X Ten,DN495173W:D4,PAIRED,RANDOM,GENOMIC,Lethrinops longipinnis,ILLUMINA,ERP023585,Lethrinops longipinnis
107,ERR14734113,302,16892822094,PRJEB21343,SAMEA117805897,ERX14135538,HiSeq X Ten,DN495173W:B5,PAIRED,RANDOM,GENOMIC,Lethrinops sp. 'longimanus red head',ILLUMINA,ERP023585,Lethrinops sp. 'longimanus red head'
108,ERR14734114,302,15868756100,PRJEB21343,SAMEA117805898,ERX14135539,HiSeq X Ten,DN495173W:C5,PAIRED,RANDOM,GENOMIC,Alticorpus peterdaviesi,ILLUMINA,ERP023585,Alticorpus peterdaviesi
109,ERR14734115,302,15152300964,PRJEB21343,SAMEA117805899,ERX14135540,HiSeq X Ten,DN495173W:D5,PAIRED,RANDOM,GENOMIC,Alticorpus peterdaviesi,ILLUMINA,ERP023585,Alticorpus peterdaviesi
110,ERR14734116,302,16865516764,PRJEB21343,SAMEA117805900,ERX14135541,HiSeq X Ten,DN495173W:E5,PAIRED,RANDOM,GENOMIC,Alticorpus peterdaviesi,ILLUMINA,ERP023585,Alticorpus peterdaviesi
111,ERR14734117,302,17580605350,PRJEB21343,SAMEA117805901,ERX14135542,HiSeq X Ten,DN495173W:F5,PAIRED,RANDOM,GENOMIC,Alticorpus peterdaviesi,ILLUMINA,ERP023585,Alticorpus peterdaviesi
112,ERR14734118,302,18261652496,PRJEB21343,SAMEA117805902,ERX14135543,HiSeq X Ten,DN495173W:G5,PAIRED,RANDOM,GENOMIC,Alticorpus peterdaviesi,ILLUMINA,ERP023585,Alticorpus peterdaviesi
113,ERR14734119,302,15480786666,PRJEB21343,SAMEA117805903,ERX14135544,HiSeq X Ten,DN495173W:H5,PAIRED,RANDOM,GENOMIC,Alticorpus geoffreyi,ILLUMINA,ERP023585,Alticorpus geoffreyi
114,ERR14734122,302,15778196568,PRJEB21343,SAMEA117806099,ERX14135547,HiSeq X Ten,DN495179F:C6,PAIRED,RANDOM,GENOMIC,Aulonocara stuartgranti,ILLUMINA,ERP023585,Aulonocara stuartgranti
115,ERR14734153,302,16231267236,PRJEB21343,SAMEA117805547,ERX14135578,HiSeq X Ten,DN490206R:F6,PAIRED,RANDOM,GENOMIC,Aulonocara stuartgranti,ILLUMINA,ERP023585,Aulonocara stuartgranti
116,ERR14734154,302,16632667214,PRJEB21343,SAMEA117805548,ERX14135579,HiSeq X Ten,DN490206R:G6,PAIRED,RANDOM,GENOMIC,Aulonocara stuartgranti,ILLUMINA,ERP023585,Aulonocara stuartgranti
117,ERR14734160,302,15489322998,PRJEB21343,SAMEA117805487,ERX14135585,HiSeq X Ten,DN490206R:E1,PAIRED,RANDOM,GENOMIC,Aulonocara stuartgranti,ILLUMINA,ERP023585,Aulonocara stuartgranti
118,ERR14734307,302,15750250998,PRJEB21343,SAMEA117806208,ERX14135732,HiSeq X Ten,DN495180V:D11,PAIRED,RANDOM,GENOMIC,Lethrinops gossei,ILLUMINA,ERP023585,Lethrinops gossei
119,ERR14734320,302,14839155352,PRJEB21343,SAMEA117805928,ERX14135745,HiSeq X Ten,DN495173W:A9,PAIRED,RANDOM,GENOMIC,Aulonocara sp. 'malembo orange 2016',ILLUMINA,ERP023585,Aulonocara sp. 'malembo orange 2016'
120,ERR14734321,302,15316294514,PRJEB21343,SAMEA117805929,ERX14135746,HiSeq X Ten,DN495173W:B9,PAIRED,RANDOM,GENOMIC,Aulonocara sp. 'malembo orange 2016',ILLUMINA,ERP023585,Aulonocara sp. 'malembo orange 2016'
121,ERR14734322,302,15186089026,PRJEB21343,SAMEA117805930,ERX14135747,HiSeq X Ten,DN495173W:C9,PAIRED,RANDOM,GENOMIC,Aulonocara sp. 'malembo orange 2016',ILLUMINA,ERP023585,Aulonocara sp. 'malembo orange 2016'
122,ERR14734323,302,16173909282,PRJEB21343,SAMEA117805931,ERX14135748,HiSeq X Ten,DN495173W:D9,PAIRED,RANDOM,GENOMIC,Aulonocara sp. 'malembo orange 2016',ILLUMINA,ERP023585,Aulonocara sp. 'malembo orange 2016'
123,ERR14734324,302,16538284966,PRJEB21343,SAMEA117805932,ERX14135749,HiSeq X Ten,DN495173W:E9,PAIRED,RANDOM,GENOMIC,Aulonocara sp. 'malembo orange 2016',ILLUMINA,ERP023585,Aulonocara sp. 'malembo orange 2016'
124,ERR14734325,302,16539533434,PRJEB21343,SAMEA117805933,ERX14135750,HiSeq X Ten,DN495173W:F9,PAIRED,RANDOM,GENOMIC,Aulonocara sp. 'malembo orange 2016',ILLUMINA,ERP023585,Aulonocara sp. 'malembo orange 2016'